Source_Type,Building,Bin_Type,Waste_Type,Qty,Mass,Total_Cost,Date,Source,,
Invoice,EV,42YD Waste Compactor,Landfill,,-,$373.65,2018-06-14,M30015278587,,
Invoice,GN,40YD Roll off,Bulky_waste,,-,$85.77,2018-06-14,M30015278588,,
Invoice,PS,240L Compost,Organics,43,1.849,$815.44,2018-08-31,M20000237504,,
Invoice,GN,240L Compost,Organics,124,5.332,"$2,351.52",2018-08-31,M20000237505,,
Invoice,GN,40YD Roll off,Bulky_waste,,-,$85.77,2018-09-07,M30015304799,,
Invoice,VA,2YD Rear end waste,Landfill,,-,$383.25,2018-09-11,M30015309143,,
Invoice,PS,240L Compost,Organics,39,1.677,$739.60,2018-09-30,M20000238900,,
Invoice,GN,240L Compost,Organics,159,6.837,"$3,015.28",2018-09-30,M20000238901,,
Invoice,PS,240L Compost,Organics,101,4.343,"$1,915.37",2018-10-31,M20000241371,,
Invoice,GN,240L Compost,Organics,230,9.89,"$4,361.71",2018-10-31,M20000241372,,
Invoice,PS,240L Compost,Organics,55,2.365,"$1,194.32",2019-01-31,M20000246721,,
Invoice,GN,240L Compost,Organics,157,6.751,"$3,409.23",2019-01-31,M20000246722,,
Invoice,EV,42YD Recycling Compactor,Mixed_recycling,1,,$143.72,2019-02-16,M30015364493,,
Invoice,PS,240L Compost,Organics,28,1.204,$608.01,2019-02-28,M20000248321,,
Invoice,GN,240L Compost,Organics,168,7.224,"$3,648.07",2019-02-28,M20000248322,,
Invoice,PS,240L Compost,Organics,44,1.892,$948.54,2019-03-31,M20000249767,,
Invoice,GN,240L Compost,Organics,188,8.084,"$4,052.87",2019-03-31,M20000249768,,
Invoice,PS,20YD Roll off dry waste,Bulky_waste,,-,$200.22,2019-04-08,M30015381389,,
Invoice,PS,40YD Roll off,Bulky_waste,,-,$110.22,2019-04-08,M30015381389,,
Invoice,GN,40YD Roll off,Bulky_waste,,-,$103.48,2019-04-08,M30015381390,,
Invoice,GN,20YD Roll off dry waste,Bulky_waste,,-,$103.48,2019-04-08,M30015381390,,
Credit Notice,GN,,,,-,-$810.57,2019-04-11,M20000251203,,
Credit Notice,PS,,,,-,-$189.71,2019-04-11,M20000251207,,
Credit Notice,GN,,,,-,-$750.70,2019-04-11,M20000251209,,
Invoice,GN,8YD Front waste,Landfill,,-,"$1,293.47",2019-04-12,M30015383281,,
Invoice,SP,40YD Roll off,Bulky_waste,,2.57,$436.76,2019-04-13,M30015387204,,
Invoice,MB,30YD Recycling Compactor,Mixed_recycling,,2.12,$424.03,2019-04-13,M30015387610,,
Invoice,EV,42YD Recycling Compactor,Mixed_recycling,1,,$143.72,2019-04-13,M30015387611,,
Credit Notice,PS,,,,-,-$125.11,2019-04-16,M20000251212,,
Invoice,SP,20YD Roll off Concrete,Bulky_waste,,2.85,$271.63,2019-04-20,M30015387814,,
Invoice,EV,42YD Recycling Compactor,Mixed_recycling,1,,$143.72,2019-04-20,M30015388266,,
Invoice,SP,20YD Roll off Concrete,Bulky_waste,,3.66,$305.65,2019-04-30,M30015392652,,
Invoice,SP,40YD Roll off,Bulky_waste,,2.81,$450.60,2019-04-30,M30015392652,,
Invoice,GN,20YD Roll off dry waste,Bulky_waste,,1.31,$315.64,2019-04-30,M30015392653,,
Invoice,EV,42YD Waste Compactor,Landfill,,11.58,"$1,420.71",2019-04-30,M30015393391,,
Invoice,PS,42YD Waste Compactor,Landfill,,4.54,$591.50,2019-04-30,M30015393392,,
Invoice,SP,42YD Waste Compactor,Landfill,,4.06,$545.86,2019-04-30,M30015393393,,
Invoice,EV,42YD Recycling Compactor,Mixed_recycling,1,,$143.72,2019-04-30,M30015393394,,
Invoice,EV,42YD Recycling Compactor,Mixed_recycling,1,,$143.72,2019-05-04,M30015398595,,
Invoice,VA,2YD Rear end waste,Landfill,-,,$383.25,2019-05-06,M30015397977,,
Invoice,MB,30YD Recycling Compactor,Mixed_recycling,,2.39,$269.73,2019-05-11,M30015399376,,
Invoice,EV,42YD Recycling Compactor,Mixed_recycling,1,,$143.72,2019-05-11,M30015399377,,
Invoice,PS,40YD Roll off,Bulky_waste,,4.48,$688.67,2019-05-18,M30015399625,,
Invoice,EV,42YD Recycling Compactor,Mixed_recycling,2,,$287.44,2019-05-18,M30015400142,,
Invoice,GN,40YD Roll off,Bulky_waste,,2.33,$587.08,2019-05-18,M30015400202,,
Invoice,GN,20YD Roll off dry waste,Bulky_waste,,1.61,$599.38,2019-05-18,M30015400202,,
Invoice,SP,20YD Roll off Concrete,Bulky_waste,,2.85,$271.63,2019-05-20,M30015387814,,
Invoice,EV,42YD Recycling Compactor,Mixed_recycling,1,,$143.72,2019-05-20,M30015388266,,
Invoice,PS,240L Compost,Organics,21,0.903,$362.17,2019-05-31,M20000253651,,
Invoice,GN,240L Compost,Organics,119,5.117,"$2,052.30",2019-05-31,M20000253652,,
Invoice,EV,42YD Recycling Compactor,Mixed_recycling,2,,$287.44,2019-05-31,M30015401686,,
Invoice,EV,42YD Recycling Compactor,Mixed_recycling,1,,$143.72,2019-06-06,M30015422734,,
Invoice,PS,20YD Roll off dry waste,Bulky_waste,,-,$200.22,2019-06-11,M30015406202,,
Invoice,MB,30YD Recycling Compactor,Mixed_recycling,,1.68,$320.44,2019-06-15,M30015411715,,
Invoice,EV,42YD Recycling Compactor,Mixed_recycling,2,,$287.44,2019-06-15,M30015411717,,
Invoice,PS,240L Compost,Organics,19,0.817,$327.68,2019-06-30,M20000255458,,
Invoice,GN,240L Compost,Organics,89,3.827,"$1,534.92",2019-06-30,M20000255459,,
Invoice,GN,20YD Roll off dry waste,Bulky_waste,,2.25,$406.01,2019-06-30,M30015412114,,
Invoice,EV,42YD Waste Compactor,Landfill,,12.24,"$1,803.08",2019-06-30,M30015413005,,
Invoice,MB,30YD Recycling Compactor,Mixed_recycling,,0.4,$178.21,2019-06-30,M30015413006,,
Invoice,PS,42YD Waste Compactor,Landfill,,4.49,$586.74,2019-06-30,M30015413007,,
Invoice,PS,42YD Waste Compactor,Landfill,,4.49,$586.74,2019-06-30,M30015413007,,
Invoice,SP,42YD Waste Compactor,Landfill,,4.86,$621.93,2019-06-30,M30015413008,,
Invoice,SP,42YD Waste Compactor,Landfill,,4.86,$621.93,2019-06-30,M30015413008,,
Invoice,EV,42YD Recycling Compactor,Mixed_recycling,2,,$287.44,2019-06-30,M30015413009,,
Invoice,PS,20YD Roll off dry waste,Bulky_waste,-,,$200.22,2019-07-08,M30015417562,,
Invoice,EV,42YD Recycling Compactor,Mixed_recycling,1,,$143.72,2019-07-13,M30015423485,,
Invoice,PS,40YD Roll off,Bulky_waste,,2.29,$409.85,2019-07-20,M30015423770,,
Invoice,GN,40YD Roll off,Bulky_waste,,4.36,$593.07,2019-07-20,M30015423771,,
Invoice,GN,20YD Roll off dry waste,Bulky_waste,,1.84,$382.37,2019-07-20,M30015423771,,
Invoice,EV,42YD Waste Compactor,Landfill,,5.74,$908.21,2019-07-20,M30015424276,,
Invoice,PS,42YD Waste Compactor,Landfill,,4.42,$580.09,2019-07-20,M30015424277,,
Invoice,PS,240L Compost,Organics,20,0.86,$344.93,2019-07-31,M20000257382,,
Invoice,GN,240L Compost,Organics,87,3.741,"$1,500.42",2019-07-31,M20000257383,,
Invoice,PS,42YD Waste Compactor,Landfill,,4.11,$550.62,2019-07-31,M30015424149,,
Invoice,PS,40YD Roll off,Bulky_waste,,3.71,$546.35,2019-07-31,M30015424591,,
Invoice,GN,20YD Roll off dry waste,Bulky_waste,,1.97,$379.09,2019-07-31,M30015424592,,
Invoice,EV,42YD Waste Compactor,Landfill,,11.33,"$1,973.55",2019-07-31,M30015425147,,
Invoice,MB,30YD Recycling Compactor,Mixed_recycling,1,,$159.82,2019-07-31,M30015425148,,
Invoice,PS,42YD Waste Compactor,Landfill,,4.11,$550.62,2019-07-31,M30015425149,,
Invoice,EV,42YD Recycling Compactor,Mixed_recycling,2,,$287.44,2019-07-31,M30015425150,,
Invoice,PS,40YD Roll off,Bulky_waste,,2.55,$434.85,2019-08-10,M30015434007,,
Invoice,GN,20YD Roll off dry waste,Bulky_waste,,1.83,$406.41,2019-08-10,M30015434008,,
Invoice,GN,40YD Roll off,Bulky_waste,,6.37,$950.99,2019-08-10,M30015434008,,
Invoice,EV,42YD Waste Compactor,Landfill,,5.32,"$2,027.66",2019-08-10,M30015434538,,
Invoice,PS,42YD Waste Compactor,Landfill,,7.02,$987.14,2019-08-10,M30015434539,,
Invoice,EV,42YD Recycling Compactor,Mixed_recycling,1,,$143.72,2019-08-10,M30015434540,,
Invoice,GN,20YD Roll off dry waste,Bulky_waste,,-,$103.48,2019-08-12,M30015429582,,
Invoice,GN,40YD Roll off,Bulky_waste,,-,$103.48,2019-08-12,M30015429582,,
Invoice,VA,2YD Rear end waste,Landfill,,-,$383.25,2019-08-13,M30015429726,,
Credit Notice,PS,20YD Roll off dry waste,Bulky_waste,,-,-$413.91,2019-08-16,M30015434640,,
Credit Notice,GN,20YD Roll off dry waste,Bulky_waste,,-,-$344.93,2019-08-16,M30015434641,,
Invoice,PS,42YD Waste Compactor,Landfill,,5.02,$796.95,2019-08-17,M30015434348,,
Invoice,GN,20YD Roll off dry waste,Bulky_waste,,2.14,$395.44,2019-08-17,M30015434900,,
Invoice,SP,42YD Waste Compactor,Landfill,,4.88,$623.82,2019-08-17,M30015435349,,
Invoice,EV,42YD Recycling Compactor,Mixed_recycling,1,,$143.72,2019-08-17,M30015435350,,
Credit Notice,PS,40YD Roll off,Bulky_waste,,-,-$72.98,2019-08-20,M30015399625.01,,
Invoice,PS,240L Compost,Organics,13,0.559,$224.20,2019-08-31,M20000258594,,
Invoice,GN,240L Compost,Organics,100,4.3,"$1,724.63",2019-08-31,M20000258595,,
Invoice,PS,40YD Roll off,Bulky_waste,,5.54,"$1,101.69",2019-08-31,M30015439999,,
Invoice,GN,40YD Roll off,Bulky_waste,,3.39,$528.02,2019-08-31,M30015440000,,
Invoice,GN,20YD Roll off dry waste,Bulky_waste,,3.88,$736.98,2019-08-31,M30015440000,,
Invoice,EV,42YD Waste Compactor,Landfill,,11.11,"$1,862.37",2019-08-31,M30015440851,,
Invoice,MB,30YD Recycling Compactor,Mixed_recycling,,5.29,$562.92,2019-08-31,M30015440852,,
Invoice,PS,42YD Waste Compactor,Landfill,,6.39,$927.22,2019-08-31,M30015440853,,
Invoice,PS,42YD Waste Compactor,Landfill,,6.39,$927.22,2019-08-31,M30015440853,,
Invoice,SP,42YD Waste Compactor,Landfill,,3.56,$613.29,2019-08-31,M30015440854,,
Invoice,EV,42YD Recycling Compactor,Mixed_recycling,2,,$287.44,2019-08-31,M30015440855,,
Invoice,EV,42YD Waste Compactor,Landfill,,-,$379.35,2019-09-07,M30015304798,,
Invoice,EV,42YD Waste Compactor,Landfill,,3.23,$606.74,2019-09-07,M30015445874,,
Invoice,EV,32YD Waste Compactor,Landfill,,4.28,$712.65,2019-09-07,M30015445874,,
Invoice,MB,30YD Cardboard Compactor,Paper,,2.98,$465.54,2019-09-07,M30015445875,,
Invoice,SP,42YD Waste Compactor,Landfill,,1.07,$348.30,2019-09-07,M30015445876,,
Invoice,EV,32YD Recycling Compactor,Mixed_recycling,,1.9,$300.66,2019-09-07,M30015445877,,
Invoice,PS,40YD Roll off,Bulky_waste,,2.3,$673.18,2019-09-14,M30015446109,,
Invoice,GN,20YD Roll off dry waste,Bulky_waste,,13.49,"$2,284.15",2019-09-14,M30015446110,,
Invoice,EV,32YD Waste Compactor,Landfill,,7.87,"$1,361.13",2019-09-14,M30015446616,,
Invoice,EV,32YD Recycling Compactor,Mixed_recycling,,1.87,$299.45,2019-09-14,M30015446618,,
Invoice,MB,30YD Cardboard Compactor,Paper,,7.07,$713.25,2019-09-14,M30015446688,,
Invoice,GN,20YD Roll off dry waste,Bulky_waste,,1.72,$392.29,2019-09-21,M30015446862,,
Invoice,MB,30YD Cardboard Compactor,Paper,2,,$448.40,2019-09-21,M30015447350,,
Invoice,PS,42YD Waste Compactor,Landfill,,4.66,$764.65,2019-09-21,M30015447351,,
Invoice,SP,30YD Waste Compactor,Landfill,,3.88,$674.18,2019-09-21,M30015447352,,
Invoice,EV,32YD Waste Compactor,Landfill,,8.75,"$1,463.19",2019-09-21,M30015447415,,
Invoice,PS,240L Compost,Organics,33,1.419,$569.13,2019-09-30,M20000261052,,
Invoice,GN,240L Compost,Organics,210,9.03,"$3,621.71",2019-09-30,M20000261053,,
Invoice,VA,2YD Rear end waste,Landfill,,-,$759.24,2019-09-30,M20000261558,,
Invoice,GN,20YD Roll off dry waste,Bulky_waste,,1.98,$419.23,2019-09-30,M30015447669,,
Invoice,GN,20YD Roll off dry waste,Bulky_waste,,1.98,$417.73,2019-09-30,M30015447669,,
Invoice,EV,32YD Waste Compactor,Landfill,,3.21,$596.48,2019-09-30,M30015448317,,
Invoice,MB,30YD Cardboard Compactor,Paper,2,,$448.40,2019-09-30,M30015448318,,
Invoice,PS,42YD Waste Compactor,Landfill,,5.13,$819.15,2019-09-30,M30015448319,,
Invoice,EV,32YD Recycling Compactor,Mixed_recycling,,3.97,$383.96,2019-09-30,M30015448320,,
Invoice,GN,40YD Roll off,Bulky_waste,,2.22,$439.63,2019-10-01,M30015447669,,
Invoice,PS,40YD Roll off,Bulky_waste,,6.93,"$1,125.66",2019-10-05,M30015457443,,
Invoice,EV,32YD Waste Compactor,Landfill,,15.06,"$2,419.21",2019-10-05,M30015457852,,
Invoice,MB,30YD Cardboard Compactor,Paper,1,,$224.20,2019-10-05,M30015457853,,
Invoice,PS,42YD Waste Compactor,Landfill,,5.34,$843.50,2019-10-05,M30015457854,,
Invoice,EV,32YD Recycling Compactor,Mixed_recycling,,1.95,$302.67,2019-10-05,M30015457855,,
Invoice,VA,2YD Rear end waste,Landfill,,-,$759.24,2019-10-10,M20000261579,,
Invoice,GN,40YD Roll off,Bulky_waste,,1.87,$472.49,2019-10-12,M30015458108,,
Invoice,GN,20YD Roll off dry waste,Bulky_waste,,3.52,"$1,347.74",2019-10-12,M30015458108,,
Invoice,EV,32YD Waste Compactor,Landfill,,10.04,"$1,638.66",2019-10-12,M30015458539,,
Invoice,PS,42YD Waste Compactor,Landfill,,2.04,$460.79,2019-10-12,M30015458541,,
Invoice,SP,30YD Waste Compactor,Landfill,,4.84,$785.52,2019-10-12,M30015458542,,
Invoice,MB,30YD Cardboard Compactor,Paper,,2.54,$560.74,2019-10-12,M30015458641,,
Invoice,EV,32YD Waste Compactor,Landfill,,10.24,"$1,636.00",2019-10-19,M30015459146,,
Invoice,MB,30YD Cardboard Compactor,Paper,,2.72,$464.04,2019-10-19,M30015459147,,
Invoice,EV,32YD Waste Compactor,Landfill,,8.06,"$1,383.16",2019-10-26,M30015459851,,
Invoice,MB,30YD Cardboard Compactor,Paper,,2.42,$560.05,2019-10-26,M30015459852,,
Invoice,PS,42YD Waste Compactor,Landfill,,2.64,$530.36,2019-10-26,M30015459853,,
Invoice,EV,32YD Recycling Compactor,Mixed_recycling,,4.2,$393.21,2019-10-26,M30015459854,,
Invoice,PS,240L Compost,Organics,68,2.924,"$1,016.38",2019-10-31,M20000262884,,
Invoice,GN,240L Compost,Organics,216,9.288,"$3,228.50",2019-10-31,M20000262885,,
Invoice,EV,32YD Waste Compactor,Landfill,,10.83,"$1,704.40",2019-10-31,M30015460681,,
Invoice,MB,30YD Cardboard Compactor,Paper,,3.22,$564.65,2019-10-31,M30015460682,,
Invoice,PS,42YD Waste Compactor,Landfill,,5.15,$821.47,2019-10-31,M30015460683,,
Invoice,SP,30YD Waste Compactor,Landfill,,4.76,$776.25,2019-10-31,M30015460684,,
Invoice,PS,40YD Roll off,Bulky_waste,,7.06,"$1,138.37",2019-11-09,M30015469431,,
Invoice,EV,32YD Waste Compactor,Landfill,,8.56,"$1,441.14",2019-11-09,M30015469958,,
Invoice,MB,30YD Cardboard Compactor,Paper,,2.89,$562.74,2019-11-09,M30015469959,,
Invoice,PS,42YD Waste Compactor,Landfill,,4.56,$753.05,2019-11-09,M30015469960,,
Invoice,EV,32YD Recycling Compactor,Mixed_recycling,,3.34,$358.61,2019-11-09,M30015469961,,
Invoice,VA,2YD Rear end waste,Landfill,,-,$759.24,2019-11-12,M20000263334,,
Invoice,PS,40YD Roll off,Bulky_waste,,3.46,$562.35,2019-11-16,M30015470196,,
Invoice,GN,20YD Roll off dry waste,Bulky_waste,,1.63,$405.33,2019-11-16,M30015470197,,
Invoice,GN,40YD Roll off,Bulky_waste,,4.06,$696.88,2019-11-16,M30015470197,,
Invoice,EV,32YD Waste Compactor,Landfill,,9.02,"$1,494.49",2019-11-16,M30015470594,,
Invoice,MB,30YD Cardboard Compactor,Paper,,1.99,$459.85,2019-11-16,M30015470595,,
Invoice,PS,42YD Waste Compactor,Landfill,,5.08,$813.36,2019-11-16,M30015470596,,
Invoice,SP,30YD Waste Compactor,Landfill,,4.02,$845.65,2019-11-16,M30015470597,,
Invoice,PS,40YD Roll off,Bulky_waste,,2.64,$482.21,2019-11-23,M30015470802,,
Invoice,EV,32YD Waste Compactor,Landfill,,8.26,"$1,432.23",2019-11-23,M30015471292,,
Invoice,MB,30YD Cardboard Compactor,Paper,,2.19,$754.18,2019-11-23,M30015471293,,
Invoice,SP,30YD Waste Compactor,Landfill,,8,"$1,376.21",2019-11-23,M30015471294,,
Invoice,VA,2YD Rear end waste,Landfill,,-,$194.80,2019-11-26,M20000263773,,
Invoice,PS,240L Compost,Organics,28,1.204,$418.51,2019-11-30,M20000264505,,
Invoice,GN,240L Compost,Organics,204,8.772,"$3,049.14",2019-11-30,M20000264506,,
Invoice,GN,20YD Roll off dry waste,Bulky_waste,,2.01,$431.84,2019-11-30,M30015471581,,
Invoice,GN,40YD Roll off,Bulky_waste,,3.77,$581.44,2019-11-30,M30015471581,,
Invoice,H,20YD Roll off Concrete,Bulky_waste,1,,$517.39,2019-11-30,M30015471582,,
Invoice,EV,32YD Waste Compactor,Landfill,,8.66,"$1,452.76",2019-11-30,M30015472191,,
Invoice,SP,30YD Waste Compactor,Landfill,,4.65,$987.68,2019-11-30,M30015472193,,
Invoice,MB,30YD Cardboard Compactor,Paper,,2.55,$853.98,2019-11-30,M30015472912,,
Invoice,PS,40YD Roll off,Bulky_waste,,2.99,$516.41,2019-12-07,M30015480847,,
Invoice,EV,32YD Waste Compactor,Landfill,,9.14,"$1,508.42",2019-12-07,M30015481319,,
Invoice,MB,30YD Cardboard Compactor,Paper,,2.11,$460.53,2019-12-07,M30015481320,,
Invoice,SP,30YD Waste Compactor,Landfill,,5.69,"$1,160.04",2019-12-07,M30015481321,,
Invoice,VA,2YD Rear end waste,Landfill,,-,$759.24,2019-12-09,M20000265100,,
Invoice,EV,32YD Waste Compactor,Landfill,,8.76,"$1,464.34",2019-12-14,M30015481969,,
Invoice,SP,30YD Waste Compactor,Landfill,,6.37,"$1,238.89",2019-12-14,M30015481971,,
Invoice,GN,20YD Roll off dry waste,Bulky_waste,,8.78,"$1,375.45",2019-12-14,M30015482039,,
Invoice,PS,240L Compost,Organics,28,1.204,$418.51,2019-12-31,M20000266178,,
Invoice,GN,240L Compost,Organics,144,6.192,"$2,152.33",2019-12-31,M20000266179,,
Invoice,PS,40YD Roll off,Bulky_waste,,2.67,$582.87,2019-12-31,M30015482278,,
Invoice,EV,32YD Waste Compactor,Landfill,,11.3,"$1,983.11",2019-12-31,M30015482903,,
Invoice,MB,30YD Cardboard Compactor,Paper,,10.14,"$1,121.82",2019-12-31,M30015482904,,
Invoice,PS,42YD Waste Compactor,Landfill,,1.46,$393.52,2019-12-31,M30015482905,,
Invoice,SP,30YD Waste Compactor,Landfill,,1.99,$558.47,2019-12-31,M30015482906,,
Invoice,PS,40YD Roll off,Bulky_waste,,3.31,$647.09,2020-01-11,M30015492079,,
Invoice,GN,20YD Roll off dry waste,Bulky_waste,,3.04,$620.57,2020-01-11,M30015492080,,
Invoice,EV,32YD Waste Compactor,Landfill,,13.74,"$2,273.06",2020-01-11,M30015492438,,
Invoice,MB,30YD Cardboard Compactor,Paper,,1.6,$819.77,2020-01-11,M30015492439,,
Invoice,SP,30YD Waste Compactor,Landfill,,6.17,"$1,218.83",2020-01-11,M30015492529,,
Invoice,VA,2YD Rear end waste,Landfill,,-,$759.24,2020-01-14,M20000266788,,
Invoice,PS,40YD Roll off,Bulky_waste,,2.99,$517.91,2020-01-18,M30015492646,,
Invoice,GN,20YD Roll off dry waste,Bulky_waste,,1.48,$390.22,2020-01-18,M30015492647,,
Invoice,GN,40YD Roll off,Bulky_waste,,3.71,$665.75,2020-01-18,M30015492647,,
Invoice,EV,32YD Waste Compactor,Landfill,,6.99,"$1,262.62",2020-01-18,M30015492953,,
Invoice,MB,30YD Cardboard Compactor,Paper,,2.12,"$1,046.96",2020-01-18,M30015492954,,
Invoice,PS,32YD Cardboard Compactor,Paper,,1.47,$232.65,2020-01-18,M30015492955,,
Invoice,SP,30YD Waste Compactor,Landfill,,4.17,$960.00,2020-01-18,M30015492956,,
Invoice,PS,40YD Roll off,Bulky_waste,,2.37,$457.01,2020-01-25,M30015493141,,
Invoice,GN,20YD Roll off dry waste,Bulky_waste,,1.63,$384.32,2020-01-25,M30015493142,,
Invoice,EV,32YD Waste Compactor,Landfill,,5.05,$984.90,2020-01-25,M30015493492,,
Invoice,MB,30YD Cardboard Compactor,Paper,,2.12,$831.96,2020-01-25,M30015493493,,
Invoice,SP,30YD Waste Compactor,Landfill,,5.1,"$1,171.80",2020-01-25,M30015493494,,
Invoice,PS,240L Compost,Organics,15,0.645,$224.20,2020-01-31,M20000267955,,
Invoice,GN,240L Compost,Organics,173,7.439,"$2,585.79",2020-01-31,M20000267956,,
Invoice,PS,40YD Roll off,Bulky_waste,,2.04,$424.61,2020-01-31,M30015493729,,
Invoice,GN,40YD Roll off,Bulky_waste,,2.27,$447.20,2020-01-31,M30015493730,,
Invoice,EV,32YD Waste Compactor,Landfill,,9.41,"$1,570.36",2020-01-31,M30015494221,,
Invoice,MB,30YD Cardboard Compactor,Paper,,3.12,$564.07,2020-01-31,M30015494222,,
Invoice,SP,30YD Waste Compactor,Landfill,,5.68,"$1,233.62",2020-01-31,M30015494223,,
Invoice,GN,20YD Roll off dry waste,Bulky_waste,,1.28,$353.59,2020-02-08,M30015502812,,
Invoice,GN,40YD Roll off,Bulky_waste,,1.85,$402.29,2020-02-08,M30015502812,,
Invoice,EV,32YD Waste Compactor,Landfill,,7.52,"$1,324.35",2020-02-08,M30015503123,,
Invoice,MB,30YD Cardboard Compactor,Paper,,2.41,$950.90,2020-02-08,M30015503124,,
Invoice,PS,32YD Cardboard Compactor,Paper,,1.24,$231.33,2020-02-08,M30015503125,,
Invoice,SP,30YD Waste Compactor,Landfill,,5.33,"$1,084.98",2020-02-08,M30015503126,,
Invoice,EV,32YD Recycling Compactor,Mixed_recycling,,6.6,$489.79,2020-02-08,M30015503127,,
Invoice,GN,8YD Front waste,Landfill,1,,"$1,593.12",2020-02-10,M30015499487,,
Invoice,VA,2YD Rear end waste,Landfill,,-,$759.24,2020-02-13,M20000268421,,
Invoice,PS,40YD Roll off,Bulky_waste,,2.02,$422.64,2020-02-15,M30015503256,,
Invoice,GN,20YD Roll off dry waste,Bulky_waste,,3.04,$601.73,2020-02-15,M30015503257,,
Invoice,GN,40YD Roll off,Bulky_waste,,1.09,$350.12,2020-02-15,M30015503257,,
Invoice,EV,32YD Waste Compactor,Landfill,,7.05,"$1,295.47",2020-02-15,M30015503554,,
Invoice,MB,30YD Cardboard Compactor,Paper,,11.05,$511.92,2020-02-15,M30015503555,,
Invoice,PS,32YD Cardboard Compactor,Paper,,1.43,$232.42,2020-02-15,M30015503556,,
Invoice,SP,30YD Waste Compactor,Landfill,,5.15,"$1,439.20",2020-02-15,M30015503557,,
Invoice,EV,32YD Waste Compactor,Landfill,,16.22,"$1,496.55",2020-02-22,M30015504097,,
Invoice,MB,30YD Cardboard Compactor,Paper,,2.18,$460.94,2020-02-22,M30015504098,,
Invoice,SP,30YD Waste Compactor,Landfill,,4.2,$972.12,2020-02-22,M30015504099,,
Invoice,PS,240L Compost,Organics,21,0.903,$313.88,2020-02-29,M20000269439,,
Invoice,GN,240L Compost,Organics,227,9.761,"$3,392.91",2020-02-29,M20000269440,,
Invoice,PS,40YD Roll off,Bulky_waste,,3.38,$556.23,2020-02-29,M30015504335,,
Invoice,EV,32YD Waste Compactor,Landfill,,5.95,$917.26,2020-02-29,M30015504762,,
Invoice,MB,30YD Cardboard Compactor,Paper,,2.64,$463.58,2020-02-29,M30015504763,,
Invoice,SP,30YD Waste Compactor,Landfill,,3.4,$939.29,2020-02-29,M30015504764,,
Invoice,EV,32YD Recycling Compactor,Mixed_recycling,,5.68,$452.77,2020-02-29,M30015504765,,
Invoice,GN,40YD Roll off,Bulky_waste,,2.41,$460.12,2020-03-07,M30015513663,,
Invoice,GN,20YD Roll off dry waste,Bulky_waste,,2.28,$449.01,2020-03-07,M30015513663,,
Invoice,EV,32YD Waste Compactor,Landfill,,7.65,"$1,460.20",2020-03-07,M30015513987,,
Invoice,SP,30YD Waste Compactor,Landfill,,4.76,"$1,002.86",2020-03-07,M30015513989,,
Invoice,PS,40YD Roll off,Bulky_waste,,2.06,$426.57,2020-03-07,M30015513662,,
Invoice,MB,30YD Cardboard Compactor,Paper,,1.45,$405.00,2020-03-07,M30015513988,,
Invoice,GN,8YD Front waste,Landfill,1,,"$1,593.12",2020-03-09,M30015509936,,
Invoice,PS,40YD Roll off,Bulky_waste,,-,$224.20,2020-03-10,M30015513097,,
Invoice,GN,40YD Roll off,Bulky_waste,,-,$224.20,2020-03-10,M30015513098,,
Invoice,GN,20YD Roll off dry waste,Bulky_waste,,-,$224.20,2020-03-10,M30015513098,,
Invoice,EV,32YD Waste Compactor,Landfill,,7.41,"$1,337.39",2020-03-14,M30015514506,,
Invoice,MB,30YD Cardboard Compactor,Paper,,1.82,$458.87,2020-03-14,M30015514507,,
Invoice,PS,42YD Waste Compactor,Landfill,,3.3,$608.59,2020-03-14,M30015514508,,
Invoice,SP,30YD Waste Compactor,Landfill,,5.28,"$1,115.17",2020-03-14,M30015514509,,
Invoice,VA,2YD Rear end waste,Landfill,,-,$759.24,2020-03-16,M20000269922,,
Invoice,GN,40YD Roll off,Bulky_waste,,3.98,$700.56,2020-03-20,M30015514676,,
Invoice,GN,20YD Roll off dry waste,Bulky_waste,,2.05,$535.67,2020-03-20,M30015514676,,
Invoice,EV,32YD Waste Compactor,Landfill,,3.27,$777.56,2020-03-21,M30015515020,,
Invoice,SP,30YD Waste Compactor,Landfill,,2.09,$691.85,2020-03-21,M30015515022,,
Invoice,MB,30YD Cardboard Compactor,Paper,,1.01,$454.21,2020-03-21,M30015515085,,
Invoice,PS,240L Compost,Organics,14,0.602,$209.25,2020-03-31,M20000271006,,
Invoice,GN,240L Compost,Organics,146,6.278,"$2,182.23",2020-03-31,M20000271007,,
Invoice,VA,2YD Rear end waste,Landfill,,-0.06,-$48.97,2020-03-31,M20000271516,,
Invoice,PS,40YD Roll off,Bulky_waste,,2.76,$495.33,2020-03-31,M30015515195,,
Invoice,GN,20YD Roll off dry waste,Bulky_waste,,1.33,$354.86,2020-03-31,M30015515196,,
Invoice,EV,32YD Waste Compactor,Landfill,,2.02,$459.50,2020-03-31,M30015515576,,
Invoice,SP,30YD Waste Compactor,Landfill,,0.2,$247.49,2020-03-31,M30015515578,,
Credit Notice,MB,30YD Cardboard Compactor,Paper,,-,-$232.60,2020-04-02,M30015504098.01,,
Invoice,EV,32YD Waste Compactor,Landfill,,5.16,$825.25,2020-04-04,M30015524345,,10.43
Invoice,MB,30YD Cardboard Compactor,Paper,,1.72,$494.85,2020-04-04,M30015524369,,
Invoice,GN,8YD Front waste,Landfill,,-,"$1,593.12",2020-04-06,M30015520869,,
Invoice,MB,30YD Cardboard Compactor,Paper,,-,$282.96,2020-04-08,M30015524371,,
Invoice,EV,32YD Waste Compactor,Landfill,,3.18,$646.35,2020-04-11,M30015524421,,
Invoice,SP,30YD Waste Compactor,Landfill,,1.51,$400.09,2020-04-11,M30015524423,,
Invoice,MB,30YD Cardboard Compactor,Paper,,0.56,$451.62,2020-04-11,M30015524609,,
Invoice,PS,40YD Roll off,Bulky_waste,,2.5,$469.80,2020-04-18,M30015524659,,
Invoice,GN,20YD Roll off dry waste,Bulky_waste,,1.69,$390.21,2020-04-18,M30015524660,,
Invoice,MB,30YD Cardboard Compactor,Paper,,-,$172.46,2020-04-18,M30015524783,,
Invoice,MB,30YD Cardboard Compactor,Paper,,0.79,$228.75,2020-04-25,M30015525140,,
Invoice,PS,240L Compost,Organics,7,0.301,$104.63,2020-04-30,M20000272734,,
Invoice,GN,240L Compost,Organics,48,2.064,$717.44,2020-04-30,M20000272735,,
Invoice,MB,30YD Cardboard Compactor,Paper,,0.99,$229.90,2020-05-09,M30015534177,,
Invoice,MB,30YD Cardboard Compactor,Paper,,0.99,$229.90,2020-05-09,M30015534177,,
Invoice,GN,8YD Front waste,Landfill,1,,"$1,593.12",2020-05-11,M30015530686,,
Invoice,PS,40YD Roll off,Bulky_waste,,6.13,$826.39,2020-05-16,M30015534480,,
Invoice,PS,40YD Roll off,Bulky_waste,,6.13,$826.39,2020-05-16,M30015534480,,
Invoice,EV,32YD Recycling Compactor,Mixed_recycling,,0.9,$260.42,2020-05-23,M30015535534,,
Invoice,EV,32YD Waste Compactor,Landfill,,3.78,$664.50,2020-05-23,M30015535631,,
Invoice,EV,32YD Recycling Compactor,Mixed_recycling,,0.9,$260.42,2020-05-23,M30015535534,,
Invoice,PS,240L Compost,Organics,8,0.344,$119.57,2020-05-31,M20000273799,,
Invoice,GN,240L Compost,Organics,7,0.301,$104.63,2020-05-31,M20000273800,,
Invoice,PS,40YD Roll off,Bulky_waste,,0,$796.91,2020-05-31,M30015539726,,
Invoice,GN,40YD Roll off,Bulky_waste,,0.61,$291.36,2020-05-31,M30015539727,,
Invoice,GN,20YD Roll off dry waste,Bulky_waste,,1.74,$387.91,2020-05-31,M30015539727,,
Invoice,MB,30YD Cardboard Compactor,Paper,,0,$231.56,2020-05-31,M30015540266,,
Invoice,PS,240L Compost,Organics,4,0.172,$119.57,2020-05-31,M20000273799,,
Invoice,GN,240L Compost,Organics,7,0.301,$104.63,2020-05-31,M20000273800,,
Invoice,GN,8YD Front waste,Landfill,,-,"$1,593.12",2020-06-01,M30015541393,,
Invoice,GN,40YD Roll off,Bulky_waste,,0.57,$282.63,2020-06-13,M30015544777,,
Invoice,GN,20YD Roll off dry waste,Bulky_waste,,0.95,$315.09,2020-06-13,M30015544777,,
Invoice,EV,32YD Waste Compactor,Landfill,,3.2,$596.94,2020-06-13,M30015545504,,
Invoice,SP,30YD Waste Compactor,Landfill,,3.22,$599.27,2020-06-13,M30015545506,,
Invoice,MB,30YD Cardboard Compactor,Paper,,3.34,$691.81,2020-06-13,M30015545623,,
Invoice,PS,40YD Roll off,Bulky_waste,,4.63,$679.03,2020-06-20,M30015545754,,
Invoice,GN,40YD Roll off,Bulky_waste,,3.05,$527.99,2020-06-20,M30015545755,,
Invoice,GN,20YD Roll off dry waste,Bulky_waste,,3.7,$583.52,2020-06-20,M30015545755,,
Invoice,MB,30YD Cardboard Compactor,Paper,,0.63,$249.55,2020-06-20,M30015546245,,
Invoice,PS,240L Compost,Organics,4,0.172,$59.79,2020-06-30,M20000275653,,
Invoice,GN,240L Compost,Organics,20,0.86,$298.94,2020-06-30,M20000275654,,
Invoice,GN,40YD Roll off,Bulky_waste,,1.67,$385.88,2020-06-30,M30015546454,,
Invoice,GN,20YD Roll off dry waste,Bulky_waste,,1.3,$354.27,2020-06-30,M30015546454,,
Invoice,MB,30YD Cardboard Compactor,Paper,,0.72,$477.38,2020-06-30,M30015547057,,
Invoice,GN,8YD Front waste,Landfill,,-,"$1,593.12",2020-07-01,M30015552380,,
Invoice,PS,240L Compost,Organics,2,0.086,$29.89,2020-07-04,M20000277438,,
Invoice,GN,240L Compost,Organics,2,0.086,$29.89,2020-07-04,M20000277439,,
Invoice,PS,240L Compost,Organics,2,0.086,$29.89,2020-07-11,M20000277878,,
Invoice,GN,240L Compost,Organics,2,0.086,$29.89,2020-07-11,M20000277879,,
Invoice,PS,40YD Roll off,Bulky_waste,,4.14,$630.89,2020-07-11,M30015556010,,
Invoice,GN,20YD Roll off dry waste,Bulky_waste,,2.15,$533.14,2020-07-11,M30015556011,,
Invoice,EV,32YD Waste Compactor,Landfill,,4.06,$722.98,2020-07-11,M30015556633,,
Invoice,MB,30YD Cardboard Compactor,Paper,,0.71,$709.11,2020-07-11,M30015556634,,
Invoice,PS,240L Compost,Organics,2,0.086,$29.89,2020-07-18,M20000278593,,
Invoice,GN,240L Compost,Organics,3,0.129,$44.84,2020-07-18,M20000278594,,
Invoice,PS,240L Compost,Organics,2,0.086,$29.89,2020-07-25,M20000279189,,
Invoice,GN,240L Compost,Organics,2,0.086,$29.89,2020-07-25,M20000279190,,
Invoice,PS,40YD Roll off,Bulky_waste,,4.65,$680.98,2020-07-25,M30015556882,,
Invoice,GN,40YD Roll off,Bulky_waste,,5.08,$723.23,2020-07-25,M30015556883,,
Invoice,GN,20YD Roll off dry waste,Bulky_waste,,2.62,$481.58,2020-07-25,M30015556883,,
Invoice,EV,32YD Waste Compactor,Landfill,,3.36,$615.58,2020-07-25,M30015557471,,
Invoice,MB,30YD Cardboard Compactor,Paper,,1.56,$479.11,2020-07-25,M30015557472,,
Invoice,SP,30YD Waste Compactor,Landfill,,3.53,$661.25,2020-07-25,M30015557473,,
Invoice,PS,40YD Roll off,Bulky_waste,,5.04,$719.31,2020-07-31,M30015557631,,
Invoice,GN,40YD Roll off,Bulky_waste,,3.28,$546.41,2020-07-31,M30015557632,,
Invoice,GN,20YD Roll off dry waste,Bulky_waste,,1.85,$405.93,2020-07-31,M30015557633,,
Invoice,VA,2YD Rear end waste,Landfill,,0.81,$122.46,2020-08-01,M20000281105,,
Invoice,GN,8YD Front waste,Landfill,1,,$565.24,2020-08-01,M30015563059,,
Invoice,GN,240L Compost,Organics,7,0.301,$104.63,2020-08-08,M20000281671,,
Invoice,PS,240L Compost,Organics,2,0.086,$29.89,2020-08-15,M20000282264,,
Invoice,GN,240L Compost,Organics,2,0.086,$29.89,2020-08-15,M20000282265,,
Invoice,GN,40YD Roll off,Bulky_waste,,3.23,$541.46,2020-08-15,M30015566549,,
Invoice,GN,20YD Roll off dry waste,Bulky_waste,,2.4,$632.46,2020-08-15,M30015566549,,
Invoice,MB,30YD Cardboard Compactor,Paper,,4.36,"$1,509.16",2020-08-15,M30015567281,,
Invoice,SP,30YD Waste Compactor,Landfill,,1.73,$816.62,2020-08-15,M30015567282,,
Invoice,PS,240L Compost,Organics,2,0.086,$29.89,2020-08-22,M20000282872,,
Invoice,GN,240L Compost,Organics,10,0.43,$149.47,2020-08-22,M20000282873,,
Invoice,PS,240L Compost,Organics,2,0.086,$29.89,2020-08-31,M20000284480,,
Invoice,GN,240L Compost,Organics,5,0.215,$74.43,2020-08-31,M20000282281,,
Invoice,MB,30YD Cardboard Compactor,Paper,,3.54,$863.81,2020-08-31,M30015571699,,
Invoice,PS,40YD Roll off,Bulky_waste,,2.73,$498.88,2020-08-31,M30015571912,,
Invoice,GN,20YD Roll off dry waste,Bulky_waste,,0.95,$319.85,2020-08-31,M30015571913,,
Invoice,GN,40YD Roll off,Bulky_waste,,4.49,$710.39,2020-08-31,M30015571913,,
Invoice,VA,2YD Rear end waste,Landfill,1,,$151.84,2020-09-01,M20000284883,,
Invoice,GN,8YD Front waste,Landfill,1,,$318.62,2020-09-01,M30015568385,,
Invoice,MB,30YD Cardboard Compactor,Paper,,0.9,$455.88,2020-09-05,M30015575923,,
Invoice,GN,240L Compost,Organics,8,0.344,$119.57,2020-09-05,M20000285446,,
Invoice,PS,40YD Roll off,Bulky_waste,,1.63,$388.20,2020-09-05,M30015575547,,
Invoice,EV,32YD Waste Compactor,Landfill,,8.41,"$1,341.19",2020-09-05,M30015575922,,
Invoice,SP,30YD Waste Compactor,Landfill,,2.9,$575.66,2020-09-05,M30015575924,,
Invoice,PS,240L Compost,Organics,2,0.086,$29.89,2020-09-12,M20000286032,,
Invoice,GN,240L Compost,Organics,2,0.086,$29.89,2020-09-12,M20000286033,,
Invoice,MB,30YD Cardboard Compactor,Paper,,1.8,$296.64,2020-09-12,M30015576454,,
Invoice,GN,240L Compost,Organics,2,0.086,$29.89,2020-09-13,M20000286033,,
Invoice,PS,240L Compost,Organics,2,0.086,$29.89,2020-09-19,M20000286659,,
Invoice,MB,30YD Cardboard Compactor,Paper,,0,"$980,391.00",2020-09-19,M30015577097,,
Invoice,GN,20YD Roll off dry waste,Bulky_waste,,0,$369.08,2020-09-19,M30015576644,,
Invoice,GN,240L Compost,Organics,5,0.215,$74.73,2020-09-19,M20000286660,,
Invoice,PS,32YD Recycling Compactor,Mixed_recycling,,4.76,$776.25,2020-09-19,M30015577098,,
Invoice,MB,30YD Cardboard Compactor,Paper,,1.09,$980.91,2020-09-19,M30015577097,,
Invoice,GN,240L Compost,Organics,2,0.086,$29.89,2020-09-26,M20000287247,,
Invoice,GN,240L Compost,Organics,7,0.301,$104.63,2020-09-26,M20000287248,,
Invoice,PS,240L Compost,Organics,2,0.086,$29.89,2020-09-26,M20000287247,,
Invoice,GN,240L Compost,Organics,7,0.301,$104.63,2020-09-26,M20000287248,,
Invoice,GN,240L Compost,Organics,2,0.086,$29.89,2020-09-30,M20000287935,,
Invoice,GN,40YD Roll off,Bulky_waste,,3.52,$578.49,2020-09-30,M30015581795,,
Invoice,GN,20YD Roll off dry waste,Bulky_waste,,3.58,$703.29,2020-09-30,M30015581795,,
Invoice,MB,30YD Cardboard Compactor,Paper,,2,"$1,241.73",2020-09-30,M30015582479,,
Invoice,SP,30YD Waste Compactor,Landfill,,2.89,$574.45,2020-09-30,M30015582480,,
Invoice,PS,40YD Roll off,Bulky_waste,,4.25,$651.82,2020-09-30,M30015581794,,
Invoice,GN,8YD Front waste,Landfill,1,,$318.62,2020-10-01,M30015578366,,
Invoice,PS,240L Compost,Organics,2,0.086,$29.89,2020-10-03,M20000289737,,
Invoice,GN,240L Compost,Organics,8,0.344,$119.57,2020-10-10,M20000290187,,
Invoice,GN,240L Compost,Organics,2,0.086,$29.89,2020-10-17,M20000290629,,
Invoice,PS,40YD Roll off,Bulky_waste,,4.6,$676.09,2020-10-17,M30015585386,,
Invoice,GN,20YD Roll off dry waste,Bulky_waste,,1.81,$402.00,2020-10-17,M30015585387,,
Invoice,EV,32YD Waste Compactor,Landfill,,8.19,"$1,178.19",2020-10-17,M30015586133,,
Invoice,MB,30YD Cardboard Compactor,Paper,,1.23,$497.90,2020-10-17,M30015586134,,
Invoice,PS,240L Compost,Organics,2,0.086,$29.89,2020-10-31,M20000292893,,
Invoice,GN,240L Compost,Organics,6,0.258,$89.68,2020-10-31,M20000292894,,
Invoice,MB,30YD Cardboard Compactor,Paper,,1.72,$293.42,2020-10-31,M30015590587,,
Invoice,PS,40YD Roll off,Bulky_waste,,8.73,"$1,305.99",2020-10-31,M30015590811,,
Invoice,GN,20YD Roll off dry waste,Bulky_waste,,2.75,$494.35,2020-10-31,M30015590812,,
Invoice,VA,2YD Rear end waste,Landfill,1,0.043,$151.84,2020-11-01,M20000293308,,
Invoice,GN,8YD Front waste,Landfill,1,,$318.62,2020-11-01,M30015587404,,
Invoice,PS,240L Compost,Organics,2,0.086,$29.89,2020-11-07,M20000293736,,
Invoice,GN,240L Compost,Organics,8,0.344,$119.57,2020-11-07,M20000293737,,
Invoice,MB,30YD Cardboard Compactor,Paper,,1.59,$331.07,2020-11-07,M30015594795,,
Invoice,SP,30YD Waste Compactor,Landfill,,3.5,$631.89,2020-11-07,M30015594796,,
Invoice,PS,240L Compost,Organics,2,0.086,$29.89,2020-11-14,M20000294367,,
Invoice,GN,240L Compost,Landfill,6,0.258,$89.68,2020-11-14,M20000294368,,
Invoice,PS,40YD Roll off,Bulky_waste,,3.75,$592.58,2020-11-14,M30015594973,,
Invoice,GN,20YD Roll off dry waste,Bulky_waste,,1.85,$405.93,2020-11-14,M30015594974,,
Invoice,EV,32YD Waste Compactor,Landfill,,7.47,"$2,163.59",2020-11-14,M30015595443,,
Invoice,MB,30YD Cardboard Compactor,Paper,,1.67,$233.80,2020-11-14,M30015595444,,
Invoice,GN,20YD Roll off dry waste,Bulky_waste,,1.74,$395.13,2020-11-21,M30015595638,,
Invoice,PS,240L Compost,Organics,2,0.086,$29.89,2020-11-21,M20000294925,,
Invoice,GN,240L Compost,Organics,8,0.344,$119.57,2020-11-21,M20000294926,,
Invoice,MB,30YD Cardboard Compactor,Paper,,0,"$1,241.73",2020-11-30,M30015582479,,
Invoice,PS,240L Compost,Organics,2,0.086,$29.89,2020-11-30,M20000295743,,
Invoice,GN,240L Compost,Organics,3,0.129,$44.84,2020-11-30,M20000295744,,
Invoice,PS,40YD Roll off,Bulky_waste,,3.42,$560.16,2020-11-30,M30015600505,,
Invoice,MB,30YD Cardboard Compactor,Paper,,1.34,$231.91,2020-11-30,M30015601032,,
Invoice,SP,30YD Waste Compactor,Landfill,,2.66,$534.04,2020-11-30,M30015601033,,
Invoice,GN,8YD Front waste,Landfill,1,,$318.62,2020-12-01,M30015597121,,
Invoice,VA,2YD Rear end waste,Landfill,1,0.043,$151.84,2020-12-02,M20000296989,,
Invoice,MB,30YD Cardboard Compactor,Paper,,1.58,$233.29,2020-12-05,M30015604209,,
Invoice,GN,20YD Roll off dry waste,Bulky_waste,,1.49,$468.31,2020-12-12,M30015604393,,
Invoice,EV,32YD Waste Compactor,Landfill,,13.7,"$2,070.60",2020-12-12,M30015604796,,
Invoice,MB,30YD Cardboard Compactor,Paper,,1.43,$232.42,2020-12-12,M30015604797,,
Invoice,PS,240L Compost,Organics,2,0.086,$59.79,2020-12-31,M20000299994,,
Invoice,GN,240L Compost,Organics,30,1.29,$448.40,2020-12-31,M20000299995,,
Invoice,PS,40YD Roll off,Bulky_waste,,3.32,$550.34,2020-12-31,M30015605083,,
Invoice,EV,32YD Waste Compactor,Landfill,,2.14,$473.47,2020-12-31,M30015605659,,
Invoice,MB,30YD Cardboard Compactor,Paper,,2.08,$236.16,2020-12-31,M30015605660,,
Invoice,SP,30YD Waste Compactor,Landfill,,2.85,$556.17,2020-12-31,M30015605661,,
Invoice,GN,8YD Front waste,Landfill,1,0.043,$318.62,2021-01-01,M30015611048,,
Invoice,PS,40YD Roll off,Bulky_waste,,2.39,$459.64,2021-01-16,M30015615084,,
Invoice,MB,30YD Cardboard Compactor,Paper,,1.64,$233.63,2021-01-16,M30015615409,,
Invoice,SP,30YD Waste Compactor,Landfill,,1.73,$426.19,2021-01-16,M30015615410,,
Invoice,GN,20YD Roll off dry waste,Bulky_waste,,3.4,$656.83,2021-01-16,M30015615582,,
Invoice,GN,40YD Roll off,Bulky_waste,,4.81,$795.73,2021-01-23,M30015615582,,
Invoice,GN,240L Compost,Organics,8,0.344,$119.57,2021-01-31,M20000303051,,
Invoice,VA,2YD Rear end waste,Landfill,1,,$151.84,2021-01-31,M20000303436,,
Invoice,MB,30YD Cardboard Compactor,Paper,,1.56,$233.17,2021-01-31,M30015622986,,
Invoice,GN,8YD Front waste,Landfill,1,0.043,$318.62,2021-02-01,M30015616900,,
Invoice,GN,20YD Roll off dry waste,Bulky_waste,,2.23,$443.87,2021-02-06,M30015623225,,
Invoice,MB,30YD Cardboard Compactor,Paper,,1.21,$231.15,2021-02-06,M30015623542,,
Invoice,PS,40YD Roll off,Bulky_waste,,2.46,$466.55,2021-02-13,M30015623707,,
Invoice,GN,40YD Roll off,Bulky_waste,,2.39,$459.64,2021-02-13,M30015623708,,
Invoice,EV,32YD Waste Compactor,Landfill,,7.29,"$1,075.36",2021-02-13,M30015624048,,
Invoice,MB,30YD Cardboard Compactor,Paper,,1.01,$230.01,2021-02-13,M30015624049,,
Invoice,GN,240L Compost,Organics,11,0.473,$164.41,2021-02-28,M20000307670,,
Invoice,MB,30YD Cardboard Compactor,Paper,,1.26,$372.64,2021-02-28,M30015629205,,
Invoice,SP,30YD Waste Compactor,Landfill,,3.56,$639.86,2021-02-28,M30015629206,,
Invoice,PS,40YD Roll off,Bulky_waste,,0,$606.63,2021-03-13,M30015632263,,
Invoice,GN,20YD Roll off dry waste,Bulky_waste,,0,$381.82,2021-03-13,M30015632264,,
Invoice,MB,30YD Cardboard Compactor,Paper,,1.62,$233.52,2021-03-13,M30015632655,,
Invoice,GN,20YD Roll off dry waste,Bulky_waste,,1.48,$370.00,2021-03-20,M30015632795,,
Invoice,EV,32YD Waste Compactor,Landfill,,7.9,"$1,353.54",2021-03-20,M30015633183,,
Invoice,PS,32YD Cardboard Compactor,Paper,1,0.043,$224.20,2021-03-20,M30015633184,,
Invoice,MB,30YD Cardboard Compactor,Paper,,0,$235.93,2021-03-27,M30015633753,,
Invoice,SP,30YD Waste Compactor,Landfill,,0,$660.88,2021-03-27,M39915633754,,
Invoice,MB,30YD Cardboard Compactor,Paper,,2.04,$235.93,2021-03-27,M30015633753,,
Invoice,SP,30YD Waste Compactor,Landfill,,3.74,$660.88,2021-03-27,M30015633754,,
Invoice,VA,2YD Rear end waste,Landfill,1,0.043,$75.97,2021-03-31,M20000312799,,
Invoice,GN,240L Compost,Organics,21,0.903,$313.88,2021-03-31,M20000312814,,
Invoice,PS,40YD Roll off,Bulky_waste,,3.31,$550.27,2021-03-31,M30015638160,,
Invoice,GN,8YD Front waste,Landfill,1,0.043,$318.62,2021-04-01,M30015634738,,
Invoice,GN,40YD Roll off,Bulky_waste,,2.56,$476.49,2021-04-10,M30015641300,,
Invoice,GN,20YD Roll off dry waste,Bulky_waste,,2.4,$460.62,2021-04-10,M30015641300,,
Invoice,MB,30YD Cardboard Compactor,Paper,,2.17,$236.67,2021-05-08,M30015651164,,
Invoice,EV,32YD Waste Compactor,Landfill,,12.07,"$1,857.67",2021-05-15,M30015651730,,
Invoice,SP,30YD Waste Compactor,Landfill,,2.47,$512.59,2021-05-15,M30015651731,,
Invoice,GN,40YD Roll off,Bulky_waste,,0.94,$316.80,2021-05-15,M30015651867,,
Invoice,GN,20YD Roll off dry waste,Bulky_waste,,1.9,$411.38,2021-05-15,M30015651867,,
Invoice,PS,40YD Roll off,Bulky_waste,,6.43,"$1,081.83",2021-05-22,M30015652458,,
Invoice,GN,20YD Roll off dry waste,Bulky_waste,,2.26,$446.84,2021-05-22,M30015652459,,
Invoice,MB,30YD Cardboard Compactor,Paper,,2.23,$237.02,2021-05-22,M30015652956,,
Invoice,SP,30YD Waste Compactor,Landfill,,3.74,$660.88,2021-05-27,M30015633754,,
Invoice,GN,240L Compost,Organics,12,0.516,$179.36,2021-05-31,M20000319186,,
Invoice,GN,8YD Front waste,Landfill,1,0.043,$318.62,2021-05-31,M30015653927,,
Invoice,PS,40YD Roll off,Bulky_waste,,1.83,$404.47,2021-05-31,M30015660520,,
Invoice,GN,40YD Roll off,Bulky_waste,,1.47,$369.01,2021-05-31,M30015660521,,
Invoice,GN,20YD Roll off dry waste,Bulky_waste,,1.31,$353.25,2021-05-31,M30015660521,,
Invoice,PS,40YD Roll off,Bulky_waste,,3.25,$544.36,2021-06-05,M30015661290,,
Invoice,MB,30YD Cardboard Compactor,Paper,,2.72,$239.84,2021-06-05,M30015661673,,
Invoice,EV,32YD Waste Compactor,Landfill,,7.87,"$1,143.08",2021-06-12,M30015662259,,
Invoice,EV,32YD Recycling Compactor,Mixed_recycling,,1.35,$278.52,2021-06-12,M30015662260,,
Invoice,EV,32YD Waste Compactor,Landfill,,7.87,"$1,143.08",2021-06-12,M30015662259,,
Invoice,EV,32YD Recycling Compactor,Mixed_recycling,,1.35,$278.52,2021-06-12,M30015662260,,
Invoice,PS,40YD Roll off,Bulky_waste,,6.05,$820.20,2021-06-19,M30015662444,,
Invoice,GN,20YD Roll off dry waste,Bulky_waste,,2.06,$427.15,2021-06-19,M30015662445,,
Invoice,MB,30YD Cardboard Compactor,Paper,,2.02,$235.82,2021-06-26,M30015667274,,
Invoice,PS,32YD Cardboard Compactor,Paper,,4.67,$769.46,2021-06-26,M30015667275,,
Invoice,GN,40YD Roll off,Bulky_waste,,2.8,$500.03,2021-06-26,M30015667276,,
Invoice,GN,20YD Roll off dry waste,Bulky_waste,,1.52,$373.93,2021-06-26,M300156672576,,
Invoice,GN,240L Compost,Organics,33,1.419,$493.24,2021-06-30,M20000323731,,
Invoice,VA,2YD Rear end waste,Landfill,1,0.043,$75.97,2021-06-30,M20000323732,,
Invoice,EV,32YD Waste Compactor,Landfill,,6.68,"$1,004.14",2021-06-30,M30015671051,,
Invoice,MB,30YD Cardboard Compactor,Paper,,2.88,$240.76,2021-07-10,M30015671740,,
Invoice,MB,30YD Cardboard Compactor,Paper,,1.14,$230.76,2021-07-17,M30015672442,,
Invoice,SP,30YD Waste Compactor,Landfill,,3.25,$603.66,2021-07-17,M30015672443,,
Invoice,GN,20YD Roll off dry waste,Bulky_waste,,2.84,$503.97,2021-07-17,M30015672444,,
Invoice,MB,30YD Cardboard Compactor,Paper,,2.3,$237.43,2021-07-24,M30015673006,,
Invoice,EV,32YD Waste Compactor,Landfill,,5.86,$908.40,2021-07-24,M30015673005,,
Invoice,GN,240L Compost,Organics,34,1.462,$508.19,2021-07-31,M20000327311,,
Invoice,VA,2YD Rear end waste,Landfill,1,0.043,$75.97,2021-07-31,M20000327312,,
Invoice,GN,8YD Front waste,Landfill,1,0.043,$318.62,2021-07-31,M30015674314,,
Invoice,H,20YD Roll off Concrete,Bulky_waste,2.25,0.09675,"$1,006.03",2021-07-31,M30015679994,,
Invoice,MB,30YD Cardboard Compactor,Paper,,2.63,$630.24,2021-07-31,M30015679990,,
Invoice,PS,40YD Roll off,Bulky_waste,,4.68,$685.23,2021-07-31,M30015679991,,
Invoice,EV,32YD Recycling Compactor,Mixed_recycling,,6.82,$498.65,2021-07-31,M30015679992,,
Invoice,GN,20YD Roll off dry waste,Bulky_waste,,1.95,$416.29,2021-07-31,M30015679993,,
Invoice,GN,40YD Roll off,Bulky_waste,,2.57,$477.38,2021-08-07,M30015681198,,
Invoice,GN,20YD Roll off dry waste,Bulky_waste,,1.36,$358.17,2021-08-07,M30015681198,,
Invoice,H,20YD Roll off Concrete,Bulky_waste,,1,$517.39,2021-08-07,M30015681199,,
Invoice,MB,30YD Cardboard Compactor,Paper,,2.44,$238.23,2021-08-14,M30015681739,,
Invoice,EV,32YD Waste Compactor,Landfill,,7.99,"$1,157.09",2021-08-21,M30015682316,,
Invoice,PS,40YD Roll off,Bulky_waste,,5.79,$794.57,2021-08-21,M30015682317,,
Invoice,GN,40YD Roll off,Bulky_waste,,2.49,$469.50,2021-08-21,M30015682318,,
Invoice,GN,20YD Roll off dry waste,Bulky_waste,,2.14,$435.02,2021-08-21,M30015682318,,
Invoice,PS,240L Compost,Organics,,6,$89.68,2021-08-31,M20000329555,,
Invoice,VA,2YD Rear end waste,Landfill,,6,$155.91,2021-08-31,M20000329557,,
Invoice,GN,240L Compost,Organics,52,2.236,$777.23,2021-08-31,M20000329556,,
Invoice,GN,8YD Front waste,Landfill,1.39,0.05977,"$2,086.48",2021-08-31,M30015683590,,
Invoice,MB,30YD Cardboard Compactor,Paper,,5.05,$477.43,2021-08-31,M30015689239,,
Invoice,EV,32YD Recycling Compactor,Mixed_recycling,,5.33,$846.51,2021-08-31,M30015689240,,
Invoice,EV,32YD Waste Compactor,Landfill,,7.5,"$1,099.88",2021-09-04,M30015690884,,
Invoice,MB,30YD Cardboard Compactor,Paper,,2.9,$338.61,2021-09-04,M30015690885,,
Invoice,PS,40YD Roll off,Bulky_waste,,4.76,$693.11,2021-09-04,M30015690886,,
Invoice,GN,40YD Roll off,Bulky_waste,,2.55,$475.40,2021-09-04,M30015690887,,
Invoice,GN,20YD Roll off dry waste,Bulky_waste,,2.23,$443.87,2021-09-04,M30015690887,,
Invoice,EV,32YD Waste Compactor,Landfill,,5.81,$902.56,2021-09-11,M30015691353,,
Invoice,MB,30YD Cardboard Compactor,Paper,,1.77,$234.37,2021-09-11,M30015691354,,
Invoice,EV,32YD Waste Compactor,Landfill,,5.16,$826.67,2021-09-18,M30015691876,,
Invoice,MB,30YD Cardboard Compactor,Paper,,3.19,$242.54,2021-09-18,M30015691877,,
Invoice,PS,40YD Roll off,Bulky_waste,,1.18,$402.50,2021-09-18,M30015691878,,
Invoice,PS,32YD Cardboard Compactor,Paper,,1.49,$232.77,2021-09-18,M30015691878,,
Invoice,GN,40YD Roll off,Bulky_waste,,3.27,$546.33,2021-09-18,M30015691879,,
Invoice,GN,20YD Roll off dry waste,Bulky_waste,,1.75,$396.60,2021-09-18,M30015691879,,
Invoice,MB,30YD Cardboard Compactor,Paper,,2.89,$240.81,2021-09-25,M30015692487,,
Invoice,PS,32YD Cardboard Compactor,Paper,1,0.043,$172.46,2021-09-25,M30015692488,,
Invoice,GN,40YD Roll off,Bulky_waste,,1.99,$420.23,2021-09-25,M30015692489,,
Invoice,GN,20YD Roll off dry waste,Bulky_waste,,5.55,$995.13,2021-09-25,M30015692489,,
Invoice,VA,2YD Rear end waste,Landfill,,19,$346.25,2021-09-30,M20000332096,,
Invoice,PS,240L Compost,Organics,22,0.946,$328.83,2021-09-30,M20000332094,,
Invoice,GN,240L Compost,Organics,59,2.537,$881.86,2021-09-30,M20000332095,,
Invoice,GN,8YD Front waste,Landfill,1,0.043,"$1,593.12",2021-09-30,M30015693954,,
Invoice,EV,32YD Waste Compactor,Landfill,,6.9,"$1,029.83",2021-09-30,M30015700261,,
Invoice,MB,30YD Cardboard Compactor,Paper,,2.65,$239.43,2021-09-30,M30015700262,,
Invoice,EV,32YD Recycling Compactor,Mixed_recycling,,6.6,$489.79,2021-09-30,M30015700263,,
Invoice,EV,32YD Waste Compactor,Landfill,,13.58,"$2,033.96",2021-10-23,M30015701791,,
Invoice,MB,30YD Cardboard Compactor,Paper,,7.7,$716.87,2021-10-23,M30015701792,,
Invoice,EV,32YD Recycling Compactor,Mixed_recycling,,4.07,$387.98,2021-10-23,M30015701794,,
Invoice,GN,40YD Roll off,Bulky_waste,,3.49,$568.01,2021-10-23,M300157101795,,
Invoice,GN,20YD Roll off dry waste,Bulky_waste,,2.8,$724.23,2021-10-23,M30015701795,,
Invoice,PS,42YD Waste Compactor,Landfill,,4.31,"$1,483.32",2021-10-23,M30015701796,,
Invoice,GN,8YD Front waste,Landfill,1,0.043,"$1,593.12",2021-10-29,M30015703556,,
Invoice,EV,32YD Waste Compactor,Landfill,,9.06,"$1,282.03",2021-10-31,M30015709669,,
Invoice,PS,40YD Roll off,Bulky_waste,,3.71,$589.67,2021-10-31,M30015709671,,
Invoice,PS,32YD Recycling Compactor,Mixed_recycling,,4.72,$771.61,2021-10-31,M30015709671,,
Invoice,SP,30YD Waste Compactor,Landfill,,5.02,$810.33,2021-10-31,M30015709672,,
Invoice,EV,32YD Recycling Compactor,Mixed_recycling,,3.2,$352.97,2021-10-31,M30015709673,,
Invoice,GN,40YD Roll off,Bulky_waste,,5.89,$804.43,2021-10-31,M30015709674,,
Invoice,GN,20YD Roll off dry waste,Bulky_waste,,1.3,$352.27,2021-10-31,M30015709674,,
Invoice,PS,240L Compost,Organics,31,1.333,$463.35,2021-10-31,M20000334366,,
Invoice,GN,240L Compost,Organics,86,3.698,"$1,016.38",2021-10-31,M20000334367,,
Invoice,VA,2YD Rear end waste,Landfill,21,0.903,$382.69,2021-10-31,M20000334368,,
Invoice,MB,30YD Cardboard Compactor,Paper,,2.41,$238.05,2021-11-06,M30015710604,,
Invoice,SP,30YD Waste Compactor,Landfill,,4.51,$750.78,2021-11-06,M30015710605,,
Invoice,EV,32YD Waste Compactor,Landfill,,6.09,$935.25,2021-11-13,M30015711178,,
Invoice,MB,30YD Cardboard Compactor,Paper,,2.17,$236.67,2021-11-13,M30015711179,,
Invoice,PS,32YD Cardboard Compactor,Paper,,2.47,$238.40,2021-11-13,M30015711180,,
Invoice,PS,40YD Roll off,Bulky_waste,,3.38,$708.50,2021-11-13,M30015711180,,
Invoice,EV,32YD Recycling Compactor,Mixed_recycling,,2.35,$318.77,2021-11-13,M30015711181,,
Invoice,GN,40YD Roll off,Bulky_waste,,2.38,$458.65,2021-11-13,M30015711182,,
Invoice,GN,20YD Roll off dry waste,Bulky_waste,,2.83,$502.98,2021-11-13,M30015711182,,
Invoice,H,20YD Roll off Concrete,Bulky_waste,1,,$517.39,2021-11-13,M30015711183,,
Invoice,MB,30YD Cardboard Compactor,Paper,,2.17,$236.67,2021-11-13,M30015711179,,
Invoice,EV,32YD Waste Compactor,Landfill,,5.15,$825.50,2021-11-20,M30015711824,,
Invoice,MB,30YD Cardboard Compactor,Paper,,2.28,$237.31,2021-11-20,M30015711825,,
Invoice,SP,30YD Waste Compactor,Landfill,,4.39,$736.76,2021-11-20,M30015711826,,
Invoice,EV,32YD Recycling Compactor,Mixed_recycling,,2.31,$317.16,2021-11-20,M30015711827,,
Invoice,VA,2YD Rear end waste,Landfill,,19,$346.25,2021-11-30,M20000337092,,
Invoice,PS,240L Compost,Organics,49,2.107,$732.39,2021-11-30,M20000337090,,
Invoice,GN,240L Compost,Organics,70,3.01,"$1,046.27",2021-11-30,M20000337091,,
Invoice,GN,8YD Front waste,Landfill,1,0.043,"$1,593.12",2021-11-30,M30015713275,,
Invoice,EV,32YD Waste Compactor,Landfill,,6.97,"$1,141.48",2021-11-30,M30015719447,,
Invoice,PS,40YD Roll off,Bulky_waste,,3.91,$609.38,2021-11-30,M30015719449,,
Invoice,EV,32YD Recycling Compactor,Mixed_recycling,,1.94,$302.27,2021-11-30,M30015719450,,
Invoice,MB,30YD Cardboard Compactor,Paper,,2.36,$237.77,2021-12-04,M30015720446,,
Invoice,PS,32YD Cardboard Compactor,Paper,,2.45,$238.28,2021-12-04,M30015720447,,
Invoice,SP,30YD Waste Compactor,Landfill,,4.59,$760.12,2021-12-04,M30015720448,,
Invoice,EV,32YD Waste Compactor,Landfill,,5.75,$895.56,2021-12-11,M30015720882,,
Invoice,EV,32YD Recycling Compactor,Mixed_recycling,,1.55,$286.57,2021-12-11,M30015720883,,
Invoice,GN,20YD Roll off dry waste,Bulky_waste,,2.05,$426.15,2021-12-11,M30015720884,,
Invoice,GN,240L Compost,Organics,64,2.752,$956.59,2021-12-31,M20000339168,,
Invoice,VA,2YD Rear end waste,Landfill,16,0.688,$291.58,2021-12-31,M20000339169,,
Invoice,GN,8YD Front waste,Landfill,1,0.043,"$1,593.12",2021-12-31,M30015722290,,
Invoice,MB,30YD Cardboard Compactor,Paper,,4.87,$476.40,2021-12-31,M30015726723,,
Invoice,PS,40YD Roll off,Bulky_waste,,4.04,$622.19,2021-12-31,M30015726724,,
Invoice,SP,30YD Waste Compactor,Landfill,,2.24,$485.73,2021-12-31,M30015726725,,
Invoice,GN,40YD Roll off,Bulky_waste,,2.44,$464.60,2021-12-31,M30015726726,,
Invoice,GN,20YD Roll off dry waste,Bulky_waste,,1.98,$419.26,2021-12-31,M30015726726,,
Invoice,PS,240L Compost,Organics,37,1.591,$553.03,2021-12-31,M20000339167,,
Invoice,EV,32YD Waste Compactor,Landfill,,6.96,"$1,041.40",2022-01-08,M30015729927,,
Invoice,MB,30YD Cardboard Compactor,Paper,,2.23,$237.02,2022-01-08,M30015729928,,
Invoice,EV,32YD Recycling Compactor,Mixed_recycling,,2.02,$305.49,2022-01-08,M30015729929,,
Invoice,MB,30YD Cardboard Compactor,Paper,,2.16,$432.08,2022-01-15,M30015730348,,
Invoice,SP,30YD Waste Compactor,Landfill,,3.94,$686.81,2022-01-15,M30015730349,,
Invoice,MB,30YD Cardboard Compactor,Paper,1,,$172.46,2022-01-22,M30015730763,,
Invoice,GN,40YD Roll off,Bulky_waste,,2.01,$423.52,2022-01-22,M30015730764,,
Invoice,GN,20YD Roll off dry waste,Bulky_waste,,2.73,$494.92,2022-01-22,M30015730764,,
Invoice,MB,30YD Cardboard Compactor,Paper,1,,$172.46,2022-01-22,M30015730763,,
Invoice,GN,40YD Roll off,Bulky_waste,,2.01,$423.52,2022-01-22,M30015730764,,
Invoice,GN,20YD Roll off dry waste,Bulky_waste,,2.73,$494.92,2022-01-22,M30015730764,,
Invoice,PS,240L Compost,Organics,21,0.903,$313.88,2022-01-31,M20000341042,,
Invoice,GN,240L Compost,Organics,52,2.236,$777.23,2022-01-31,M20000341043,,
Invoice,VA,2YD Rear end waste,Landfill,10,0.43,$182.24,2022-01-31,M20000341044,,
Invoice,GN,8YD Front waste,Landfill,1,,"$1,593.12",2022-01-31,M30015732064,,
Invoice,EV,32YD Waste Compactor,Landfill,,4.51,$753.73,2022-01-31,M30015738336,,
Invoice,MB,30YD Cardboard Compactor,Paper,,2.07,$236.10,2022-01-31,M30015738337,,
Invoice,PS,32YD Recycling Compactor,Mixed_recycling,,4.31,$749.92,2022-01-31,M30015738338,,
Invoice,EV,32YD Recycling Compactor,Mixed_recycling,,1.28,$275.71,2022-01-31,M30015738340,,
Invoice,MB,30YD Cardboard Compactor,Paper,,2.49,$238.51,2022-02-05,M30015739195,,
Invoice,PS,32YD Cardboard Compactor,Paper,,3.03,$241.62,2022-02-05,M30015739196,,
Invoice,PS,40YD Roll off,Bulky_waste,,2.15,$631.40,2022-02-05,M30015739196,,
Invoice,GN,20YD Roll off dry waste,Bulky_waste,,1.03,$326.34,2022-02-05,M30015739197,,
Invoice,EV,32YD Waste Compactor,Landfill,,3.95,$687.98,2022-02-12,M30015739609,,
Invoice,MB,30YD Cardboard Compactor,Paper,,2.4,$238.00,2022-02-12,M30015739610,,
Invoice,EV,32YD Recycling Compactor,Mixed_recycling,,0.87,$259.21,2022-02-12,M30015739611,,
Invoice,EV,32YD Waste Compactor,Landfill,,3.99,$796.15,2022-02-19,M30015740061,,
Invoice,MB,30YD Cardboard Compactor,Paper,,2.68,$239.61,2022-02-19,M30015740062,,
Invoice,SP,30YD Waste Compactor,Landfill,,4.65,$770.17,2022-02-19,M30015740063,,
Invoice,GN,40YD Roll off,Bulky_waste,,1.95,$521.04,2022-02-19,M30015740064,,
Invoice,GN,20YD Roll off dry waste,Bulky_waste,,1.44,$367.00,2022-02-19,M30015740064,,
Invoice,GN,8YD Front waste,Landfill,2,0.086,$76.46,2022-02-28,M30015745960,,
Invoice,EV,32YD Waste Compactor,Landfill,,4.37,$737.30,2022-02-28,M30015749172,,
Invoice,PS,32YD Cardboard Compactor,Paper,,1.92,$235.24,2022-02-28,M30015749174,,
Invoice,PS,32YD Recycling Compactor,Mixed_recycling,,1.91,$543.44,2022-02-28,M30015749174,,
Invoice,SP,30YD Waste Compactor,Landfill,,4.678,$772.52,2022-02-28,M30015749175,,
Invoice,EV,32YD Recycling Compactor,Mixed_recycling,,1.84,$298.25,2022-02-28,M30015749176,,
Invoice,GN,20YD Roll off dry waste,Bulky_waste,,1.97,$523.04,2022-03-05,M30015750088,,
Invoice,EV,32YD Waste Compactor,Landfill,1,,$103.48,2022-03-05,M30015750087,,
Invoice,EV,32YD Waste Compactor,Landfill,,4.61,$765.48,2022-03-12,M30015750500,,
Invoice,MB,30YD Cardboard Compactor,Paper,,2.11,$236.33,2022-03-12,M30015750501,,
Invoice,PS,40YD Roll off,Bulky_waste,,3.5,$727.99,2022-03-12,M30015750502,,
Invoice,GN,40YD Roll off,Bulky_waste,,2.7,$491.94,2022-03-12,M30015750503,,
Invoice,EV,32YD Waste Compactor,Landfill,,4.77,$784.27,2022-03-19,M30015750931,,
Invoice,MB,30YD Cardboard Compactor,Paper,,2.21,$236.90,2022-03-19,M30015750932,,
Invoice,SP,30YD Waste Compactor,Landfill,,4.64,$768.99,2022-03-19,M30015750933,,
Invoice,EV,32YD Recycling Compactor,Mixed_recycling,,2.08,$307.90,2022-03-19,M30015750934,,
Invoice,GN,20YD Roll off dry waste,Bulky_waste,,1.46,$368.99,2022-03-19,M30015750935,,
Invoice,EV,32YD Waste Compactor,Landfill,,7.25,"$1,178.92",2022-03-31,M30015756852,,
Invoice,PS,32YD Cardboard Compactor,Paper,,2.02,$235.82,2022-03-31,M30015756853,,
Invoice,SP,30YD Waste Compactor,Landfill,,4.02,$696.21,2022-03-31,M30015756854,,
Invoice,EV,32YD Waste Compactor,Landfill,,5.57,"$1,050.65",2022-04-09,M30015760244,,
Invoice,MB,30YD Cardboard Compactor,Paper,,1.98,$235.59,2022-04-09,M30015760245,,
Invoice,PS,40YD Roll off,Bulky_waste,,5.27,$746.81,2022-04-09,M30015760246,,
Invoice,EV,32YD Recycling Compactor,Mixed_recycling,,1.42,$281.35,2022-04-09,M30015760247,,
Invoice,GN,40YD Roll off,Bulky_waste,,1.2,$343.20,2022-04-09,M30015760248,,
Invoice,GN,20YD Roll off dry waste,Bulky_waste,,1.43,$366.01,2022-04-09,M30015760248,,
Invoice,EV,32YD Waste Compactor,Landfill,,6.39,$974.81,2022-04-16,M30015760827,,
Invoice,MB,30YD Cardboard Compactor,Paper,,4.03,$471.57,2022-04-16,M30015760828,,
Invoice,PS,32YD Cardboard Compactor,Paper,,2.91,$240.93,2022-04-16,M30015760829,,
Invoice,SP,30YD Waste Compactor,Landfill,,4.45,$746.68,2022-04-16,M30015760830,,
Invoice,EV,32YD Recycling Compactor,Mixed_recycling,,1.39,$280.13,2022-04-16,M30015760831,,
